id,area_m2,rooms,kitchen_m2,floor,floors_total,district,condition,distance_to_center_km,metro_min,metro_h,house_age,has_balcony,ceiling_height,views_30d,listing_month,price_mln
1,85.5,3,16.0,1,25,новостройки,требует ремонта,14.2,14.5,0.2417,18,1,2.88,84,июнь,10.89
2,42.6,2,12.1,5,5,спальный,среднее,13.5,17.7,0.295,24,0,2.83,27,март,5.76
3,101.9,4,18.8,10,12,новостройки,требует ремонта,12.6,7.0,0.1167,0,0,2.71,69,январь,14.75
4,60.3,2,14.4,2,10,спальный,евроремонт,6.2,7.5,0.125,0,1,2.83,97,июнь,12.56
5,63.4,2,12.4,8,8,центр,хорошее,O,3.9,0.065,13,1,2.92,110,май,14.45
6,40.5,1,11.1,4,6,спальный,среднее,2.9,4.9,0.0817,9,1,2.69,21,май,7.46
7,71.3,2,15.4,19,23,спальный,хорошее,6.4,6.3,0.105,28,0,2.86,39,июнь,12.56
8,72.0,3,17.1,8,15,новостройки,среднее,15.4,,,41,0,2.5,47,январь,9.81
9,55.1,2,10.5,23,25,спальный,среднее,7.6,6.7,0.1117,39,0,2.86,68,февраль,8.9
10,58.7,2,15.6,4,5,центр,среднее,5.4,9.7,0.1617,31,1,2.85,77,май,13.72
11,46.6,1,9.4,2,17,пригород,среднее,22.7,,,13,1,2.58,97,июнь,5.83
12,71.3,2,17.4,2,5,спальный,среднее,4.0,8.8,0.1467,7,1,2.45,95,май,12.16
13,106.8,4,20.5,4,19,спальный,евроремонт,8.1,10.4,0.1733,29,1,2.84,65,май,19.18
14,108.9,5,17.0,8,19,пригород,евроремонт,21.1,,,26,1,2.65,17,май,15.71
15,60.6,2,12.9,2,23,спальный,хорошее,9.3,12.9,0.215,37,0,2.51,119,февраль,9.77
16,70.5,3,12.4,8,9,спальный,среднее,8.6,4.8,0.08,25,1,2.71,67,май,12.74
17,50.2,1,11.7,9,13,спальный,хорошее,8.0,16.3,0.2717,24,1,2.46,20,февраль,9.65
18,68.8,2,11.3,9,9,спальный,хорошее,11.2,8.4,0.14,42,1,2.65,96,апрель,11.6
19,55.2,2,13.3,7,17,спальный,среднее,15.9,,,3,1,2.58,204,май,9.24
20,61.2,2,13.6,6,16,Bцентр,среднее,0.0,13.5,0.225,11,1,2.71,127,июнь,13.24
21,50.0,2,13.2,8,10,спальный,хорошее,12.5,6.5,0.1083,30,1,2.64,48,июнь,10.31
22,75.5,3,14.4,3,12,центр,среднее,4.3,16.1,0.2683,50,0,2.64,31,март,14.47
23,118.4,5,23.6,6,6,спальный,хорошее,8.7,14.8,14.8,22,0,2.54,172,май,18.95
24,79.6,3,14.9,9,11,спальный,евроремонт,8.8,4.0,0.0667,19,0,2.85,124,март,13.51
25,66.9,2,14.6,4,6,Dпригород,хорошее,21.7,,,5,1,2.65,55,июнь,8.21
26,80.9,3,16.2,6,8,центр,евроремонт,0.0,7.5,0.125,42,1,2.79,117,январь,16.94
27,38.0,2,11.4,11,12,новостройки,хорошее,17.1,,,26,1,2.63,31,апрель,6.97
28,95.4,4,18.0,6,9,спальный,требует ремонта,7.1,,,19,1,2.83,114,май,13.77
29,89.3,4,16.2,12,21,новостройки,среднее,9.2,12.3,0.205,11,1,2.59,75,июнь,16.19
30,72.9,3,11.6,9,22,спальный,хорошее,10.4,14.2,0.2367,50,1,2.47,89,май,11.95
31,52.1,1,12.5,8,8,новостройки,евроремонт,8.2,10.8,0.18,57,0,2.89,17,июнь,9.05
32,56.4,3,15.2,3,14,центр,евроремонт,0.0,,,33,0,2.78,85,май,13.51
33,101.1,5,16.4,14,14,центр,среднее,3.5,11.2,11.2,36,1,2.61,60,февраль,18.44
34,62.3,2,10.4,17,18,спальный,хорошее,9.5,,,46,0,2.71,162,февраль,9.15
35,39.7,1,10.6,2,23,пригород,евроремонт,24.2,,,22,1,2.78,45,июнь,5.52
36,85.7,3,18.3,1,8,спальный,хорошее,3.3,,,14,0,3.14,17,февраль,13.55
37,79.1,3,15.3,7,17,спальный,среднее,11.2,,,38,1,2.97,41,январь,13.15
38,41.6,1,10.9,6,14,новостройки,среднее,16.1,16.3,0.2717,22,0,2.66,119,июнь,7.12
39,110.1,4,18.9,10,10,спальный,хорошее,8.8,4.5,0.075,28,1,2.59,33,март,15.84
40,77.7,3,14.1,16,21,спальный,среднее,15.0,13.0,0.2167,41,1,2.5,25,июнь,10.73
41,60.4,2,10.5,3,7,спальный,хорошее,9.6,,,26,1,2.49,49,февраль,9.33
42,26.2,1,7.3,1,10,центр,хорошее,2.7,7.0,0.1167,14,1,2.69,33,февраль,8.84
43,73.1,3,15.7,13,18,новостройки,евроремонт,8.7,4.9,0.0817,11,1,2.71,89,июнь,13.91
44,28.9,1,10.5,2,7,Xцентр,евроремонт,O,9.4,0.1567,24,1,2.45,162,январь,10.87
45,80.5,3,12.7,5,19,Wцентр,хорошее,5.6,3.0,0.05,49,1,2.98,83,май,16.49
46,45.9,1,9.6,18,23,спальный,среднее,5.0,6.9,0.115,8,1,2.61,18,май,8.6
47,78.8,3,17.8,8,8,спальный,евроремонт,7.5,,,23,1,2.6,62,май,14.64
48,24.0,1,7.2,5,8,спальный,хорошее,11.0,6.0,0.1,2,0,2.84,295,январь,6.94
49,61.9,2,14.6,3,8,спальный,хорошее,16.2,14.4,0.24,22,1,2.87,34,июнь,10.6
50,86.9,3,17.8,5,7,спальный,хорошее,12.8,12.4,0.2067,52,0,2.57,166,апрель,12.4
51,79.6,3,15.1,12,12,спальный,среднее,14.6,14.7,0.245,54,0,2.62,217,июнь,11.09
52,68.1,3,12.8,9,12,спальный,евроремонт,10.0,13.3,0.2217,23,1,3.26,86,февраль,12.04
53,80.0,3,16.1,3,19,спальный,среднее,8.6,,,9,1,2.77,109,февраль,12.95
54,47.0,1,9.6,1,23,Bновостройки,хорошее,12.2,6.4,0.1067,0,0,2.77,9,июнь,8.91
55,90.8,4,16.0,7,23,новостройки,среднее,8.1,8.9,0.1483,65,0,2.45,28,март,12.76
56,58.8,2,10.5,1,9,спальный,хорошее,5.2,9.7,0.1617,30,1,2.54,26,июнь,10.23
57,72.5,3,16.8,2,18,спальный,среднее,9.5,,,12,1,2.89,37,март,10.36
58,50.4,2,11.6,6,14,спальный,хорошее,5.0,8.6,0.1433,50,1,2.57,28,февраль,8.74
59,40.7,1,13.2,7,19,спальный,хорошее,13.8,15.2,0.2533,20,1,2.58,40,январь,7.43
60,82.4,3,16.8,8,10,спальный,требует ремонта,3.6,9.5,-3.3916,48,1,2.63,27,июнь,11.57
61,52.3,2,12.9,8,9,Aновостройки,хорошее,15.4,16.6,0.2767,30,0,2.45,98,апрель,7.76
62,44.1,1,14.2,5,9,спальный,требует ремонта,12.1,8.8,0.1467,7,0,2.69,41,март,6.12
63,56.0,2,11.8,5,10,Aцентр,среднее,3.4,14.4,0.24,5,0,2.45,72,июнь,11.41
64,83.1,3,16.6,3,9,пригород,хорошее,19.1,,,41,0,2.95,55,март,9.9
65,47.7,1,11.2,3,7,спальный,евроремонт,9.8,,,32,1,2.7,95,февраль,8.12
66,96.3,4,16.8,7,13,центр,хорошее,4.0,14.6,0.2433,17,1,2.68,74,январь,18.05
67,86.8,3,17.7,7,11,центр,среднее,4.7,2.8,0.0467,40,0,2.45,56,февраль,14.61
68,50.2,2,12.0,5,14,спальный,среднее,5.7,12.6,0.21,18,1,2.65,40,январь,8.55
69,85.9,3,19.3,16,16,новостройки,среднее,12.8,11.6,0.1933,22,1,2.52,272,май,13.93
70,75.8,3,16.3,7,8,спальный,евроремонт,9.4,9.5,0.1583,0,0,2.62,66,март,12.72
71,96.3,4,21.0,14,18,пригород,среднее,21.3,,,15,0,2.45,26,февраль,12.42
72,84.5,4,16.0,1,10,новостройки,требует ремонта,15.8,15.8,0.2633,33,0,2.49,30,январь,10.67
73,41.7,1,9.8,1,12,Oцентр,хорошее,O,6.5,0.1083,19,1,2.78,31,март,10.31
74,74.0,3,17.1,14,17,центр,среднее,5.2,12.7,0.2117,28,1,2.74,36,февраль,15.23
75,75.5,3,17.2,1,6,спальный,среднее,14.9,3.2,0.0533,44,1,2.59,54,март,10.9
76,61.6,3,15.4,5,11,спальный,хорошее,7.0,7.3,0.1217,8,1,2.97,55,апрель,12.15
77,54.4,1,15.7,11,13,Jцентр,хорошее,3.3,6.4,0.1067,34,1,2.53,65,январь,12.84
78,59.6,2,13.1,17,17,спальный,среднее,10.4,14.7,0.245,50,0,2.51,48,апрель,8.8
79,54.9,1,12.1,14,19,спальный,среднее,7.7,16.3,0.2717,15,1,2.54,46,май,9.91
80,63.4,3,12.3,2,16,спальный,среднее,13.2,11.9,0.1983,5,1,2.56,168,январь,12.25
81,66.1,3,12.9,2,19,спальный,среднее,17.8,17.2,25.0713,34,0,2.66,25,апрель,9.32
82,86.2,3,18.3,1,11,спальный,требует ремонта,7.9,11.6,0.1933,41,1,2.46,81,февраль,11.61
83,81.7,4,18.5,3,5,спальный,требует ремонта,9.4,14.9,0.2483,15,1,2.56,49,февраль,13.06
84,66.2,2,15.8,2,15,пригород,среднее,21.4,,,19,0,2.96,26,июнь,7.45
85,43.6,1,10.0,3,25,центр,требует ремонта,2.4,7.7,0.1283,9,0,2.56,126,апрель,9.98
86,48.4,2,11.0,10,23,новостройки,требует ремонта,9.9,8.0,0.1333,31,0,2.71,84,январь,7.09
87,108.7,4,18.2,3,7,спальный,хорошее,9.8,8.0,0.1333,34,0,2.6,36,май,17.54
88,82.0,3,19.9,12,25,центр,хорошее,1.9,8.9,0.1483,4,0,3.08,122,май,17.97
89,67.4,3,14.3,15,17,новостройки,хорошее,15.0,9.6,0.16,24,1,2.54,31,апрель,11.43
90,64.2,3,11.9,5,6,спальный,среднее,12.4,,,27,1,2.55,46,февраль,10.46
91,41.7,1,11.2,4,11,спальный,среднее,4.6,,,28,1,2.7,22,май,6.78
92,89.0,3,14.6,5,22,спальный,среднее,6.7,7.6,0.1267,28,0,2.45,25,май,14.29
93,58.5,2,19.5,9,11,спальный,среднее,13.6,18.2,0.3033,9,1,3.19,62,май,11.01
94,93.1,4,15.3,3,6,спальный,хорошее,11.2,,,42,0,2.45,17,апрель,12.97
95,53.0,1,11.5,3,9,центр,среднее,O,6.3,0.105,45,1,2.45,115,февраль,12.35
96,58.5,2,13.1,3,19,спальный,среднее,7.1,11.0,0.1833,21,1,2.6,82,май,11.0
97,72.9,3,16.6,3,8,спальный,среднее,5.1,,,33,0,2.75,27,май,12.47
98,50.4,2,13.8,12,12,Hновостройки,хорошее,14.9,13.4,0.2233,23,0,2.45,126,январь,7.82
99,77.8,3,17.8,14,24,спальный,среднее,7.5,10.6,0.1767,54,1,2.98,216,апрель,12.14
100,51.4,2,14.6,1,11,спальный,хорошее,6.0,8.5,0.1417,35,0,2.7,32,февраль,8.91
101,101.2,4,17.9,9,20,спальный,требует ремонта,12.0,7.5,0.125,53,0,2.87,22,январь,12.57
102,68.6,3,16.6,5,11,Gспальный,хорошее,11.8,8.6,0.1433,3,1,2.67,189,апрель,11.74
103,68.9,2,13.2,1,6,спальный,евроремонт,12.8,13.2,0.22,51,1,2.48,37,май,9.95
104,61.7,2,15.2,4,5,новостройки,требует ремонта,19.4,10.1,0.1683,11,1,2.59,22,май,7.44
105,52.2,1,13.3,17,22,центр,среднее,0.5,2.5,0.0417,12,0,2.67,148,январь,13.22
106,54.5,2,13.5,1,5,спальный,среднее,13.5,12.0,0.2,0,1,2.85,17,апрель,10.22
107,46.7,2,15.1,5,21,спальный,среднее,7.1,11.7,0.195,66,0,2.58,109,январь,6.79
108,38.9,1,6.9,4,7,новостройки,среднее,18.3,,,41,0,2.6,16,май,4.52
109,76.6,3,16.0,2,6,Cспальный,среднее,7.1,,,19,0,3.1,49,март,12.96
110,59.6,2,11.3,6,6,спальный,хорошее,10.8,14.0,0.2333,11,1,2.48,141,июнь,9.37
111,43.9,1,7.8,5,6,центр,среднее,O,,,23,0,2.45,148,январь,8.21
112,40.6,1,12.1,7,19,Hновостройки,хорошее,17.3,7.9,0.1317,50,0,2.59,58,январь,6.06
113,101.4,4,16.3,8,17,пригород,среднее,20.7,,,56,0,2.92,7,июнь,11.46
114,61.1,2,14.9,19,22,Oспальный,требует ремонта,13.2,7.3,0.1217,45,1,2.7,60,февраль,8.9
115,70.5,2,13.2,7,9,центр,среднее,1.9,6.3,0.105,27,0,2.73,32,апрель,12.91
116,82.2,3,17.6,5,10,новостройки,хорошее,10.9,,,42,0,3.13,39,июнь,12.62
117,29.1,1,8.7,1,6,центр,хорошее,O,7.4,0.1233,5,1,2.65,70,май,10.96
118,60.2,2,13.2,9,9,центр,хорошее,5.4,12.7,0.2117,10,0,2.74,76,март,11.73
119,58.0,2,13.5,2,5,новостройки,евроремонт,12.7,,,32,1,2.45,27,январь,11.2
120,61.7,2,13.0,6,9,пригород,евроремонт,25.8,,,41,0,2.66,15,март,7.02
121,49.5,2,11.6,7,10,центр,среднее,4.8,7.3,0.1217,26,0,2.62,21,июнь,10.32
122,103.7,4,21.1,12,20,новостройки,требует ремонта,12.9,14.4,0.24,23,1,2.86,30,март,14.33
123,51.8,1,16.0,12,22,пригород,хорошее,24.6,,,57,1,2.79,20,апрель,5.19
124,55.7,2,10.8,10,10,центр,требует ремонта,0.0,,,0,1,2.78,126,июнь,10.81
125,63.5,2,11.8,17,19,новостройки,евроремонт,14.1,,,43,0,2.81,34,май,10.01
126,113.0,4,15.3,21,21,новостройки,требует ремонта,16.3,15.3,0.255,4,1,3.07,158,июнь,15.93
127,39.0,1,10.9,8,23,пригород,среднее,21.3,15.7,0.2617,23,1,2.56,136,май,4.42
128,69.2,3,17.5,2,23,пригород,хорошее,23.2,11.0,0.1833,38,0,2.55,89,май,9.97
129,82.1,3,19.3,6,12,новостройки,среднее,13.1,14.0,0.2333,45,1,2.5,37,январь,12.09
130,66.6,2,11.2,18,19,Kновостройки,хорошее,11.6,15.5,0.2583,49,1,2.51,25,апрель,10.25
131,96.1,4,15.2,1,15,спальный,среднее,7.2,10.3,0.1717,6,1,2.55,31,январь,15.67
132,101.3,4,22.0,4,5,новостройки,хорошее,15.9,7.5,0.125,0,1,2.45,27,январь,17.5
133,79.1,4,16.4,22,22,спальный,среднее,12.1,9.7,0.1617,35,0,2.51,76,июнь,10.88
134,78.7,4,15.6,1,5,спальный,среднее,11.0,,,10,1,2.45,62,январь,10.81
135,33.5,2,6.6,5,24,спальный,хорошее,13.0,5.7,0.095,19,1,2.76,48,март,7.47
136,40.8,1,15.1,6,6,Qцентр,хорошее,O,7.2,0.12,54,1,2.8,245,февраль,11.1
137,66.2,3,14.8,5,23,спальный,среднее,10.6,15.2,0.2533,24,1,2.45,35,июнь,11.02
138,51.0,1,13.6,16,21,новостройки,среднее,12.2,,,39,0,2.7,61,июнь,8.58
139,63.6,2,12.9,7,19,Xновостройки,среднее,15.1,11.1,-3.6927,26,0,2.58,100,июнь,10.62
140,69.6,2,12.1,9,9,спальный,требует ремонта,11.7,16.3,0.2717,35,1,2.88,81,май,10.22
141,67.7,2,14.5,7,11,спальный,среднее,15.3,9.9,0.165,0,0,3.01,234,январь,11.1
142,42.4,1,10.5,2,12,спальный,хорошее,6.7,14.3,0.2383,39,1,2.89,70,январь,9.61
143,77.4,3,15.8,9,15,Yспальный,требует ремонта,5.7,8.4,0.14,33,0,2.45,86,январь,11.08
144,89.8,4,16.8,12,14,центр,среднее,0.0,9.9,0.165,50,1,2.47,29,июнь,15.47
145,65.4,3,11.5,16,20,спальный,среднее,8.8,,,53,1,2.76,27,июнь,10.06
146,103.1,5,17.8,6,12,Yспальный,требует ремонта,16.1,13.6,0.2267,25,0,2.7,23,июнь,14.18
147,127.9,5,17.3,8,25,спальный,среднее,7.9,16.5,0.275,10,0,3.07,72,июнь,19.3
148,55.5,1,11.7,3,15,новостройки,среднее,14.5,14.2,0.2367,11,0,2.59,37,февраль,10.17
149,53.2,2,13.9,9,10,спальный,требует ремонта,9.9,11.2,0.1867,23,1,2.68,33,май,6.7
150,75.6,3,17.0,3,17,спальный,среднее,8.4,4.9,0.0817,14,1,2.46,21,май,13.01
151,40.4,1,7.4,16,17,новостройки,среднее,17.6,14.7,0.245,38,0,2.97,108,февраль,6.61
152,118.9,5,20.7,8,11,новостройки,требует ремонта,13.4,,,7,0,2.67,34,июнь,16.22
153,56.7,2,10.6,5,5,спальный,среднее,7.1,10.2,-3.4579,0,1,2.93,67,июнь,10.33
154,91.1,3,19.3,8,15,спальный,хорошее,4.9,3.6,0.06,33,1,2.45,19,июнь,15.56
155,47.1,1,11.2,21,23,спальный,евроремонт,8.8,19.5,0.325,29,1,2.77,73,июнь,8.56
156,52.7,2,14.9,2,5,новостройки,требует ремонта,14.4,10.4,0.1733,9,0,2.81,93,март,7.32
157,80.6,4,15.7,5,8,новостройки,требует ремонта,18.1,21.0,25.0318,3,1,2.77,118,февраль,10.82
158,34.2,1,9.9,4,15,Fспальный,хорошее,11.O,8.4,0.14,17,0,3.02,37,май,8.39
159,30.6,1,8.5,8,21,новостройки,хорошее,10.8,,,14,0,2.48,35,январь,6.53
160,80.1,3,14.7,5,14,новостройки,среднее,1O.8,7.5,0.125,31,0,2.83,71,февраль,12.86
161,56.9,1,12.7,2,18,центр,евроремонт,1.4,6.6,0.11,19,1,2.81,27,март,15.11
162,84.8,3,17.2,11,15,пригород,среднее,20.8,14.9,0.2483,22,1,2.67,60,январь,11.81
163,68.7,2,10.6,5,8,спальный,евроремонт,9.2,7.6,0.1267,24,0,2.45,124,февраль,12.67
164,113.7,5,16.6,1,5,центр,евроремонт,0.0,12.9,0.215,43,0,2.51,39,июнь,20.53
165,57.9,2,14.4,5,11,спальный,требует ремонта,7.7,,,5,1,2.7,17,март,8.89
166,66.1,3,10.7,4,7,Qспальный,хорошее,11.6,11.9,0.1983,18,0,2.59,41,март,12.13
167,36.5,1,10.3,3,12,центр,среднее,0.0,19.7,0.3283,9,0,2.45,58,январь,9.66
168,95.6,5,14.8,5,20,спальный,среднее,10.7,9.1,-2.8407,31,0,2.45,90,январь,14.89
169,61.6,2,12.1,12,22,центр,хорошее,2.3,,,15,1,2.64,66,январь,14.19
170,94.3,4,19.9,11,18,пригород,евроремонт,15.O,,,22,1,2.83,55,март,14.9
171,88.3,4,19.1,14,14,центр,среднее,5.9,10.9,0.1817,11,1,2.67,237,май,17.56
172,48.7,1,14.8,6,20,пригород,хорошее,23.7,,,29,0,2.61,332,июнь,6.29
173,41.7,1,10.4,2,5,спальный,среднее,10.5,11.9,0.1983,29,1,2.66,24,июнь,7.08
174,30.9,1,8.1,14,18,центр,хорошее,0.0,8.1,0.135,29,1,2.76,57,март,10.87
175,24.5,1,5.3,3,7,новостройки,хорошее,17.6,13.1,13.1,10,1,2.53,73,март,5.95
176,62.5,3,16.4,6,13,пригород,среднее,24.0,,,17,0,2.69,78,февраль,6.67
177,61.1,3,14.8,16,23,спальный,среднее,9.7,,,26,1,2.45,136,апрель,9.73
178,69.0,2,12.2,5,7,спальный,среднее,12.2,16.8,0.28,0,1,2.56,57,апрель,9.7
179,64.2,3,12.2,1,10,спальный,среднее,11.0,7.7,20.99,14,1,2.74,108,май,10.87
180,84.1,3,18.9,3,17,центр,среднее,O,16.4,0.2733,6,1,2.85,132,февраль,16.24
181,39.4,1,7.7,2,9,Xновостройки,хорошее,10.4,,,0,1,2.53,18,май,8.15
182,52.8,2,11.0,2,23,центр,хорошее,1.6,4.7,0.0783,47,0,2.58,75,май,11.09
183,82.3,3,14.7,8,24,пригород,среднее,24.4,20.6,0.3433,13,0,2.59,207,март,9.51
184,64.0,3,13.8,7,20,центр,среднее,4.1,11.9,0.1983,10,0,2.88,82,июнь,14.3
185,46.7,1,11.3,15,25,спальный,среднее,5.2,8.9,0.1483,41,0,2.69,60,февраль,8.3
186,46.1,1,9.7,24,25,пригород,хорошее,25.5,,,10,0,2.56,29,март,6.25
187,33.5,1,8.1,3,9,Dспальный,хорошее,9.2,,,10,0,2.78,247,январь,7.92
188,60.4,2,15.7,16,18,новостройки,требует ремонта,15.4,17.8,0.2967,32,0,2.78,32,февраль,7.54
189,63.8,2,14.5,5,21,новостройки,хорошее,14.0,14.8,0.2467,14,0,2.63,136,февраль,11.33
190,50.1,1,11.3,4,6,спальный,среднее,8.8,14.3,0.2383,30,0,2.52,12,март,7.19
191,39.0,1,10.5,7,11,спальный,хорошее,10.6,14.3,0.2383,25,0,2.55,57,январь,6.52
192,58.9,2,15.8,5,5,спальный,хорошее,9.7,10.4,0.1733,43,0,2.45,47,март,9.83
193,81.0,3,13.7,12,15,центр,среднее,0.0,,,48,0,2.74,46,май,16.19
194,39.8,1,8.6,11,19,спальный,хорошее,9.0,11.4,0.19,26,1,2.54,95,январь,8.97
195,71.7,3,14.5,12,18,пригород,требует ремонта,17.6,,,46,0,2.79,24,июнь,7.05
196,51.5,2,11.6,12,12,центр,хорошее,0.0,2.3,8.4163,18,1,2.47,100,март,12.69
197,73.5,3,17.6,1,17,спальный,хорошее,8.8,14.0,0.2333,18,1,2.58,166,январь,12.97
198,78.8,3,16.7,3,5,центр,среднее,O,12.8,0.2133,0,0,2.45,42,март,15.5
199,30.6,1,4.4,5,6,новостройки,евроремонт,10.3,,,21,0,2.45,75,январь,6.37
200,39.7,1,10.6,9,19,Jспальный,евроремонт,7.2,9.1,0.1517,47,0,2.71,262,апрель,8.35
201,41.7,1,10.6,3,15,новостройки,евроремонт,19.4,,,12,1,2.85,149,июнь,9.5
202,53.1,2,10.8,14,20,Gспальный,требует ремонта,6.8,7.1,0.1183,0,1,2.98,46,март,9.21
203,49.8,2,12.3,8,11,центр,хорошее,3.4,,,0,1,3.02,19,февраль,14.18
204,48.8,1,12.0,5,9,пригород,среднее,23.4,16.9,0.2817,42,1,2.7,47,февраль,5.09
205,77.0,3,16.2,17,20,Pспальный,хорошее,12.9,,,18,0,2.51,33,февраль,12.11
206,58.8,2,12.4,8,20,пригород,евроремонт,21.9,15.4,32.5606,23,1,2.56,57,май,9.09
207,71.7,3,16.7,1,8,пригород,среднее,22.3,,,41,0,2.45,179,февраль,6.18
208,47.8,1,9.6,3,10,Gцентр,среднее,0.0,,,38,1,2.45,163,апрель,11.21
209,27.5,1,10.2,7,7,центр,среднее,2.6,9.9,0.165,35,0,2.7,35,январь,7.68
210,52.0,2,11.2,15,23,новостройки,среднее,13.6,8.6,0.1433,49,1,2.67,13,май,9.01
211,62.4,2,11.8,16,18,спальный,среднее,5.7,8.9,0.1483,0,1,2.74,49,июнь,10.33
212,48.9,1,10.8,1,8,спальный,хорошее,9.4,13.0,0.2167,34,1,2.69,71,апрель,8.64
213,74.3,2,10.3,5,6,новостройки,хорошее,12.8,11.5,0.1917,72,1,2.85,71,апрель,11.14
214,109.8,4,21.1,5,5,спальный,хорошее,8.O,8.8,31.7771,33,1,2.5,43,май,17.37
215,108.1,4,17.3,1,19,Iцентр,евроремонт,O,5.9,0.0983,14,1,2.5,74,май,21.1
216,55.6,2,14.3,15,20,Aспальный,среднее,14.0,,,62,0,2.71,40,февраль,7.77
217,104.0,4,17.3,13,16,спальный,требует ремонта,8.4,3.1,0.0517,6,1,2.49,55,апрель,15.47
218,37.5,1,11.5,2,5,спальный,хорошее,7.5,12.9,0.215,9,0,2.6,22,апрель,6.55
219,38.4,1,9.7,3,10,спальный,хорошее,6.0,,,37,0,2.61,448,май,7.15
220,64.5,2,12.1,2,8,спальный,среднее,14.5,18.0,0.3,21,1,2.45,85,апрель,9.24
221,45.9,2,14.7,3,9,пригород,хорошее,25.7,,,33,1,2.6,95,февраль,5.75
222,60.4,2,14.0,4,19,Iновостройки,хорошее,10.1,7.3,0.1217,56,1,2.48,132,июнь,10.49
223,60.8,2,12.2,1,7,спальный,среднее,5.7,12.7,0.2117,39,1,2.78,46,март,8.78
224,93.5,3,15.6,17,18,центр,среднее,2.4,5.8,0.0967,36,1,2.97,52,январь,17.12
225,114.4,5,19.4,15,15,спальный,требует ремонта,7.1,,,4,0,2.91,154,январь,15.58
226,69.4,3,17.5,11,15,спальный,среднее,10.6,,,14,0,2.45,45,январь,9.64
227,51.4,1,11.6,1,21,пригород,евроремонт,19.9,7.2,0.12,43,1,2.45,61,июнь,8.26
228,46.0,1,13.7,10,11,новостройки,хорошее,11.7,,,24,0,2.66,110,февраль,8.94
229,56.2,2,10.2,3,8,Nспальный,среднее,7.2,,,14,0,2.92,86,январь,9.63
230,52.7,2,13.6,7,18,спальный,хорошее,11.9,10.3,36.5364,59,1,2.78,17,апрель,9.77
231,70.0,3,13.5,3,19,пригород,среднее,24.4,,,42,0,2.53,32,февраль,7.62
232,77.2,2,16.2,6,16,новостройки,хорошее,13.3,10.3,0.1717,33,1,2.89,38,май,12.1
233,75.2,1,16.5,10,12,пригород,среднее,20.4,,,25,1,2.46,102,май,8.12
234,60.8,2,12.3,2,13,новостройки,среднее,15.5,12.5,0.2083,27,1,2.66,41,май,9.82
235,83.6,3,18.2,17,23,спальный,среднее,10.0,10.3,0.1717,16,0,2.66,63,январь,11.29
236,53.1,2,10.4,1,5,центр,требует ремонта,1.3,8.4,0.14,38,1,2.63,113,март,11.13
237,96.8,4,18.0,2,11,пригород,требует ремонта,24.4,11.8,28.3446,19,1,2.71,67,март,10.82
238,113.0,4,22.0,3,25,новостройки,среднее,14.3,15.0,0.25,19,0,2.45,47,май,16.73
239,115.5,5,22.2,18,18,Jспальный,среднее,5.3,,,32,1,2.5,15,март,17.53
240,36.8,1,10.5,2,9,центр,среднее,5.2,16.3,0.2717,57,0,2.62,52,май,7.23
241,64.7,2,15.0,9,12,Kспальный,среднее,9.7,11.0,0.1833,29,0,2.6,90,апрель,10.36
242,77.1,3,12.9,15,23,центр,хорошее,O,13.2,0.22,42,0,2.9,24,апрель,14.41
243,84.2,3,12.2,6,14,новостройки,евроремонт,9.5,8.0,0.1333,10,0,2.56,38,май,14.01
244,119.3,5,17.7,9,13,Vспальный,хорошее,10.6,6.6,0.11,41,0,2.57,34,май,17.78
245,95.1,5,14.7,7,9,спальный,среднее,11.0,,,41,0,2.45,133,июнь,14.3
246,68.2,2,13.8,3,5,Zцентр,среднее,0.0,7.8,0.13,3,1,2.86,92,май,14.91
247,53.6,2,13.6,1,5,пригород,среднее,22.5,,,8,1,2.59,39,март,5.96
248,65.9,2,17.5,3,5,пригород,хорошее,14.8,21.1,0.3517,0,0,2.56,48,май,9.76
249,53.6,2,11.4,7,15,Cновостройки,среднее,14.2,12.5,0.2083,14,1,2.45,37,апрель,8.93
250,65.2,2,13.1,2,5,спальный,среднее,1O.3,12.5,0.2083,0,0,2.75,55,июнь,9.98
251,73.6,3,15.1,11,16,новостройки,хорошее,13.2,,,10,1,2.64,22,июнь,13.63
252,96.1,4,15.8,12,19,новостройки,требует ремонта,14.2,,,27,1,2.5,71,апрель,13.64
253,38.1,1,9.6,1,5,спальный,хорошее,10.9,8.0,0.1333,19,0,2.64,46,июнь,6.95
254,67.7,3,17.4,4,20,Mпригород,евроремонт,20.4,,,34,1,2.94,50,январь,9.89
255,91.2,3,16.1,3,14,Vцентр,среднее,2.2,17.4,0.29,61,1,2.58,129,июнь,15.99
256,66.9,2,15.5,4,8,спальный,среднее,13.7,,,23,0,2.45,131,март,9.9
257,63.5,2,15.1,8,12,новостройки,хорошее,12.0,9.9,0.165,12,1,2.56,14,январь,10.68
258,57.7,1,12.3,6,19,новостройки,среднее,15.4,9.6,0.16,7,1,2.45,67,февраль,10.31
259,56.8,2,10.6,10,12,новостройки,хорошее,16.8,8.0,0.1333,10,1,2.54,35,май,10.09
260,63.3,1,8.6,16,19,новостройки,хорошее,7.8,10.0,0.1667,14,1,2.45,47,май,11.39
261,81.4,3,13.5,11,18,центр,среднее,12.3,6.2,0.1033,53,1,2.8,90,февраль,16.2
262,93.9,4,19.1,6,12,пригород,среднее,23.7,17.5,0.2917,44,1,2.65,45,июнь,11.3
263,35.8,1,7.0,2,6,Sновостройки,хорошее,15.1,,,0,1,2.55,102,февраль,7.18
264,51.0,1,14.5,12,24,пригород,среднее,21.6,12.8,0.2133,39,1,2.63,42,июнь,5.31
265,52.2,2,13.8,14,17,спальный,среднее,9.6,10.4,0.1733,0,1,2.45,90,март,9.45
266,37.9,1,10.5,3,12,Oновостройки,среднее,12.1,12.0,0.2,52,0,2.64,62,май,5.63
267,58.7,2,11.0,12,23,Nспальный,требует ремонта,8.2,8.6,0.1433,23,1,3.03,65,март,8.48
268,66.8,2,11.7,9,10,центр,евроремонт,O,9.1,0.1517,39,0,2.82,55,апрель,14.01
269,68.7,2,16.0,9,10,спальный,хорошее,7.2,,,13,0,2.9,119,март,12.16
270,65.4,2,7.8,5,19,центр,среднее,1.7,6.1,0.1017,9,0,2.6,40,май,12.77
271,85.8,3,18.6,14,20,спальный,хорошее,4.5,11.4,0.19,14,1,2.74,9,май,14.55
272,24.2,1,9.8,6,15,Wпригород,среднее,26.2,12.7,0.2117,33,1,2.5,34,февраль,2.27
273,59.0,2,13.3,4,7,спальный,среднее,7.9,11.8,0.1967,23,1,2.67,318,февраль,9.31
274,78.3,3,17.3,4,19,спальный,хорошее,7.9,7.1,0.1183,12,1,2.51,43,март,12.6
275,69.0,2,15.2,6,9,Aспальный,хорошее,7.4,8.5,0.1417,43,1,2.71,22,июнь,10.73
276,72.9,3,12.7,4,16,спальный,среднее,7.8,10.6,0.1767,20,0,3.13,103,март,11.25
277,73.4,3,12.8,4,12,центр,среднее,O,5.5,0.0917,38,0,2.51,229,май,14.96
278,60.3,3,12.3,5,22,пригород,евроремонт,23.5,,,42,0,2.5,17,февраль,8.01
279,54.2,2,11.4,11,11,спальный,среднее,9.9,12.4,24.9924,27,1,2.5,36,июнь,8.57
280,63.0,2,8.4,10,14,пригород,хорошее,25.3,11.4,0.19,34,1,2.75,80,май,7.11
281,67.7,2,10.9,4,5,новостройки,хорошее,13.0,13.2,0.22,0,0,2.49,61,апрель,12.07
282,49.8,2,9.5,5,5,спальный,среднее,3.3,,,44,1,2.78,191,январь,8.89
283,25.0,1,7.9,1,13,новостройки,хорошее,12.1,13.6,0.2267,38,1,2.69,101,январь,3.68
284,79.8,3,17.6,4,6,спальный,среднее,3.7,12.7,-2.1582,33,0,2.62,20,март,11.9
285,58.1,2,12.3,2,8,новостройки,евроремонт,17.1,17.8,0.2967,34,1,2.7,89,май,10.96
286,75.9,3,14.9,3,24,новостройки,требует ремонта,15.7,17.9,0.2983,34,0,2.64,71,май,10.23
287,42.3,2,8.6,1,9,новостройки,среднее,14.3,,,8,0,2.92,90,март,6.78
288,56.9,1,14.3,6,7,центр,требует ремонта,3.6,14.8,0.2467,5,1,2.68,46,март,12.59
289,50.5,2,10.8,9,11,спальный,среднее,12.7,,,40,1,2.45,44,февраль,8.88
290,66.4,3,15.4,2,6,Jспальный,среднее,7.7,9.6,0.16,29,1,2.73,125,январь,11.88
291,68.5,2,11.7,6,20,спальный,евроремонт,13.4,14.0,0.2333,29,0,3.08,54,апрель,11.88
292,39.4,1,12.0,6,17,Vцентр,среднее,O,2.0,0.0333,20,1,2.55,61,февраль,11.27
293,47.4,1,11.9,17,18,спальный,евроремонт,12.9,10.4,0.1733,0,1,2.54,156,январь,8.84
294,65.0,2,17.7,4,8,центр,хорошее,5.0,7.0,0.1167,5,0,2.59,85,февраль,13.46
295,69.8,2,15.4,2,8,центр,среднее,0.0,2.0,0.0333,0,0,2.85,125,апрель,14.01
296,50.1,2,12.5,1,19,спальный,хорошее,9.3,10.4,0.1733,21,1,2.77,120,январь,9.73
297,35.0,1,9.0,11,23,пригород,хорошее,22.8,,,15,1,2.61,59,март,4.39
298,29.0,1,11.1,18,25,спальный,среднее,5.8,11.4,0.19,13,0,2.9,38,март,5.46
299,43.5,1,16.1,22,25,Bновостройки,евроремонт,11.5,9.6,0.16,30,0,2.65,69,апрель,9.1
300,113.2,5,20.7,1,14,пригород,требует ремонта,18.9,,,24,0,3.06,23,июнь,12.46
301,104.3,4,20.0,9,23,центр,евроремонт,2.8,,,39,1,2.6,14,февраль,19.71
302,82.0,3,18.0,2,8,пригород,среднее,24.4,,,27,1,2.78,7,январь,11.19
303,81.0,4,15.9,18,21,спальный,хорошее,6.3,6.8,0.1133,0,1,2.61,43,февраль,15.92
304,88.6,4,15.1,6,9,новостройки,требует ремонта,15.1,6.5,0.1083,10,0,2.83,131,февраль,12.63
305,99.4,5,15.1,3,7,спальный,среднее,5.6,12.6,0.21,21,1,3.01,105,май,16.4
306,48.4,1,12.4,8,10,Tновостройки,среднее,2O.2,,,28,1,2.96,10,июнь,6.9
307,103.0,4,16.2,7,13,центр,среднее,3.3,12.6,0.21,16,1,2.64,60,январь,18.59
308,43.4,2,11.4,4,9,центр,требует ремонта,5.4,6.5,0.1083,23,0,2.93,138,март,8.61
309,31.0,1,6.0,10,22,спальный,хорошее,11.7,11.9,0.1983,32,1,2.45,45,февраль,8.49
310,73.1,3,14.8,12,21,пригород,среднее,21.4,11.2,0.1867,0,0,2.7,58,март,9.36
311,62.9,3,11.0,3,6,спальный,хорошее,9.1,11.2,0.1867,7,1,2.53,186,май,11.88
312,69.5,3,15.6,4,7,спальный,хорошее,9.6,,,37,0,2.67,40,июнь,10.16
313,56.0,2,13.0,4,7,спальный,требует ремонта,7.9,9.6,0.16,23,0,3.04,37,март,8.95
314,47.0,2,14.3,15,15,пригород,хорошее,16.O,,,37,1,2.66,22,январь,5.99
315,40.3,2,8.8,14,16,спальный,хорошее,9.5,,,6,1,2.73,40,январь,7.8
316,69.0,2,14.9,9,19,Oцентр,среднее,O,2.0,0.0333,29,0,2.67,113,февраль,14.48
317,64.7,2,15.4,5,13,новостройки,хорошее,14.8,11.9,0.1983,14,1,3.1,120,июнь,13.36
318,116.4,5,23.8,2,22,спальный,хорошее,9.8,12.7,0.2117,38,1,2.84,40,май,16.86
319,50.8,3,13.6,6,7,спальный,хорошее,12.O,2.0,0.0333,12,0,2.78,108,апрель,9.82
320,54.8,2,12.5,2,7,спальный,хорошее,11.4,,,23,1,2.63,67,январь,9.42
321,24.8,1,9.7,7,15,центр,хорошее,2.1,8.2,0.1367,24,0,2.79,105,январь,9.1
322,80.9,3,13.9,6,9,пригород,хорошее,23.O,,,38,1,2.77,70,июнь,10.32
323,65.6,2,9.7,7,13,новостройки,среднее,14.3,15.6,0.26,18,1,2.82,39,март,10.34
324,111.3,4,20.1,10,19,центр,среднее,O,,,34,1,2.7,38,февраль,19.92
325,67.7,3,12.8,3,6,центр,требует ремонта,7.3,11.3,0.1883,2,1,2.54,136,июнь,13.09
326,61.5,2,16.4,7,14,новостройки,хорошее,16.4,20.2,0.3367,10,0,2.82,30,апрель,9.35
327,120.7,5,22.8,1,21,новостройки,среднее,14.9,15.4,-2.8683,5,1,2.45,127,май,20.07
328,55.8,2,12.3,2,8,Kспальный,хорошее,9.8,8.4,0.14,31,1,2.45,80,март,9.8
329,30.5,1,6.0,3,17,центр,евроремонт,0.0,,,17,1,2.66,34,апрель,10.83
330,72.3,3,14.7,5,7,новостройки,среднее,14.7,15.3,0.255,33,1,2.5,68,май,10.69
331,37.7,1,11.5,7,17,пригород,среднее,20.4,,,18,1,2.74,358,июнь,4.41
332,84.8,3,12.7,19,21,спальный,хорошее,1O.3,,,27,0,2.74,46,июнь,13.42
333,65.9,3,14.8,2,21,центр,хорошее,1.8,2.0,0.0333,27,0,3.07,32,май,14.13
334,44.9,2,6.6,7,21,Rспальный,хорошее,10.0,9.5,0.1583,24,1,2.63,41,июнь,9.14
335,77.7,3,16.1,2,20,новостройки,евроремонт,17.6,4.5,0.075,16,0,2.83,56,май,13.36
336,71.2,2,17.1,9,9,новостройки,среднее,11.6,10.5,0.175,15,1,2.78,127,февраль,12.57
337,75.8,3,14.9,14,25,центр,среднее,0.0,7.3,0.1217,49,1,2.84,38,январь,16.2
338,27.2,1,8.7,7,13,Mцентр,хорошее,0.1,,,57,1,2.81,20,апрель,7.49
339,42.6,1,8.0,5,18,Qцентр,требует ремонта,8.2,7.9,0.1317,27,0,2.8,30,январь,7.05
340,53.8,1,11.8,18,18,пригород,евроремонт,24.5,,,18,1,2.58,22,апрель,8.29
341,91.6,4,17.0,9,19,спальный,евроремонт,6.1,13.1,0.2183,32,1,2.93,85,март,15.17
342,65.2,3,12.0,13,21,новостройки,среднее,15.1,11.5,0.1917,15,1,2.45,8,январь,11.07
343,57.3,2,11.0,2,6,пригород,среднее,24.0,,,38,0,2.72,87,январь,5.09
344,88.7,4,18.6,18,21,спальный,требует ремонта,4.0,4.2,0.07,19,0,2.62,47,апрель,13.09
345,107.3,5,19.8,16,16,новостройки,евроремонт,8.8,,,41,1,2.94,71,январь,19.43
346,60.1,2,15.6,2,11,спальный,хорошее,11.0,,,10,1,2.81,20,март,10.74
347,49.7,2,9.2,8,21,Iспальный,требует ремонта,11.7,9.2,0.1533,41,1,2.63,87,февраль,6.76
348,83.1,3,13.5,1,5,центр,среднее,4.1,9.0,0.15,46,0,2.6,77,май,15.32
349,48.4,1,9.7,10,17,спальный,среднее,8.3,11.4,0.19,16,1,2.7,47,март,6.7
350,78.6,3,17.6,19,25,новостройки,хорошее,11.8,9.1,0.1517,53,1,2.89,49,февраль,12.98
351,64.5,2,12.9,8,21,спальный,среднее,10.6,12.3,0.205,16,1,2.61,95,май,10.08
352,42.8,1,8.6,5,25,центр,хорошее,O,6.5,0.1083,57,1,2.83,107,май,10.45
353,80.4,2,14.6,11,15,новостройки,среднее,9.2,10.2,0.17,11,0,2.86,36,январь,13.8
354,44.0,1,11.4,16,16,спальный,среднее,8.2,5.5,0.0917,0,1,2.62,118,февраль,6.88
355,50.8,2,12.1,8,22,спальный,среднее,15.1,8.0,0.1333,18,1,2.84,47,март,9.54
356,98.2,4,19.1,19,19,спальный,хорошее,6.3,9.3,0.155,35,1,2.45,37,май,15.61
357,67.5,2,19.0,8,21,центр,евроремонт,3.4,17.5,0.2917,33,0,2.58,45,апрель,14.28
358,72.4,3,11.5,3,10,центр,требует ремонта,2.6,,,2,1,2.59,16,январь,12.58
359,106.4,4,14.3,12,21,спальный,евроремонт,7.9,,,19,0,2.45,55,январь,16.3
360,58.3,2,12.2,5,25,пригород,среднее,19.5,,,23,1,2.69,23,май,6.49
361,112.3,5,20.4,20,20,центр,евроремонт,0.3,,,41,0,2.5,177,май,20.38
362,28.1,1,7.8,5,6,Tспальный,среднее,11.1,9.1,0.1517,0,1,2.94,55,январь,5.77
363,73.3,3,16.6,5,25,Aпригород,хорошее,21.1,,,39,0,2.45,126,июнь,9.01
364,95.0,3,18.4,14,24,новостройки,евроремонт,12.3,11.1,0.185,5,1,2.8,116,апрель,16.55
365,66.5,2,13.6,2,24,спальный,хорошее,10.8,12.2,0.2033,24,0,2.69,64,март,11.39
366,86.3,4,16.4,13,18,спальный,среднее,11.0,,,25,0,2.67,50,февраль,12.61
367,101.2,4,16.8,10,17,Pспальный,хорошее,8.2,14.6,0.2433,29,0,2.82,34,май,15.13
368,75.5,3,15.0,11,15,спальный,среднее,4.3,6.4,0.1067,55,1,2.54,37,апрель,12.09
369,79.8,3,16.9,3,6,новостройки,хорошее,13.7,15.0,0.25,17,1,2.84,94,июнь,12.98
370,43.0,1,10.4,7,13,спальный,среднее,14.5,,,38,1,2.45,45,январь,6.02
371,39.9,1,9.6,5,15,спальный,требует ремонта,9.6,,,30,1,2.97,10,январь,6.77
372,57.3,2,11.8,11,12,Iспальный,хорошее,4.2,12.9,0.215,51,1,2.5,146,январь,10.54
373,77.6,2,17.1,4,13,новостройки,среднее,12.2,14.4,0.24,0,1,2.66,63,май,12.78
374,37.0,1,11.3,7,18,спальный,хорошее,12.8,7.3,0.1217,16,1,2.56,44,июнь,8.89
375,53.9,2,12.7,4,14,Uспальный,среднее,8.8,10.8,0.18,19,1,2.62,70,январь,9.02
376,37.8,1,10.0,1,8,Wновостройки,среднее,12.6,,,0,0,2.57,60,март,5.58
377,111.3,5,21.9,3,21,спальный,хорошее,6.1,7.1,0.1183,17,0,2.45,36,январь,17.07
378,71.2,3,15.1,3,11,центр,требует ремонта,O,7.5,0.125,64,1,2.45,66,февраль,13.42
379,57.2,2,8.2,8,21,спальный,среднее,11.7,11.8,0.1967,14,0,2.72,60,март,9.23
380,88.9,4,16.3,4,8,спальный,среднее,10.9,10.9,0.1817,11,1,2.67,16,январь,14.28
381,53.7,2,14.6,6,25,центр,хорошее,O,9.4,0.1567,16,1,2.84,23,февраль,14.25
382,73.4,2,16.6,1,7,спальный,среднее,9.0,7.0,0.1167,0,1,2.54,31,март,12.38
383,77.6,3,14.8,1,22,Aспальный,среднее,6.2,16.3,0.2717,29,1,2.95,44,март,11.82
384,40.9,1,12.3,8,16,спальный,хорошее,10.1,,,18,0,3.0,19,январь,7.86
385,68.0,3,15.9,4,15,Kспальный,среднее,10.7,16.1,0.2683,27,0,2.89,39,апрель,10.49
386,56.2,2,12.8,9,23,Gпригород,среднее,26.8,,,26,1,2.81,32,июнь,5.49
387,46.1,2,8.5,3,15,спальный,хорошее,13.2,16.3,-0.8773,40,0,2.58,54,апрель,7.51
388,81.6,3,16.0,13,20,спальный,среднее,10.4,5.1,-1.5794,23,1,2.74,37,май,11.79
389,61.8,2,12.2,4,9,центр,среднее,O,3.5,0.0583,0,0,2.51,116,март,11.31
390,32.2,1,8.7,8,19,пригород,евроремонт,26.5,7.7,33.2666,39,0,2.48,83,апрель,5.01
391,71.7,3,14.2,4,10,спальный,среднее,13.3,11.1,0.185,23,1,2.57,27,май,11.34
392,37.9,1,13.4,1,15,спальный,требует ремонта,12.2,17.7,0.295,7,1,2.56,18,апрель,6.15
393,53.3,2,13.0,6,7,новостройки,хорошее,11.4,8.9,0.1483,0,1,2.48,76,март,11.81
394,50.2,2,14.0,9,17,новостройки,хорошее,9.1,5.6,0.0933,17,1,3.08,14,январь,9.96
395,73.3,3,15.1,1,6,Mспальный,хорошее,4.6,2.8,0.0467,14,1,2.45,148,апрель,13.53
396,62.7,2,13.2,6,11,спальный,евроремонт,7.0,5.2,0.0867,28,1,2.82,27,май,11.8
397,37.9,1,11.7,20,20,спальный,требует ремонта,8.2,8.5,0.1417,47,1,2.83,20,январь,5.3
398,76.4,3,13.6,9,14,новостройки,хорошее,11.1,,,36,1,2.66,47,июнь,11.76
399,62.1,2,10.9,2,17,спальный,евроремонт,10.7,,,15,0,2.75,76,апрель,11.16
400,84.6,3,16.5,6,24,спальный,хорошее,8.0,4.9,0.0817,24,0,2.6,11,июнь,13.63
401,51.3,1,13.9,1,22,спальный,среднее,9.8,16.9,0.2817,30,1,2.73,60,январь,7.34
402,86.0,4,21.6,12,13,Nспальный,среднее,14.8,10.7,0.1783,32,1,2.72,95,май,12.39
403,61.5,2,13.2,7,7,центр,среднее,3.1,5.6,0.0933,0,0,2.45,57,май,12.79
404,49.2,2,15.6,7,13,новостройки,среднее,14.8,9.1,0.1517,28,0,2.79,91,май,8.78
405,111.5,5,18.7,5,9,центр,хорошее,5.2,,,19,1,2.81,28,апрель,20.38
406,54.7,2,12.9,3,10,пригород,среднее,22.5,,,19,0,2.71,61,январь,5.87
407,80.7,3,16.0,4,9,спальный,среднее,8.8,5.7,0.095,29,0,2.65,44,апрель,12.01
408,47.9,2,12.0,5,14,спальный,среднее,15.2,15.0,0.25,9,0,2.85,92,март,6.68
409,45.0,1,11.2,7,25,новостройки,требует ремонта,16.3,13.0,0.2167,0,1,2.66,134,май,7.2
410,58.5,2,12.4,6,8,спальный,среднее,12.5,10.4,0.1733,24,0,2.8,211,июнь,8.54
411,98.1,3,15.8,3,18,новостройки,требует ремонта,11.9,10.0,0.1667,10,1,2.86,115,июнь,13.53
412,55.7,2,13.1,22,24,новостройки,среднее,17.7,,,19,0,2.73,3,февраль,7.3
413,51.8,2,11.9,6,14,Xспальный,среднее,10.7,17.4,0.29,39,0,2.97,16,июнь,8.6
414,69.6,3,13.8,5,5,центр,хорошее,O,2.0,0.0333,27,1,2.55,109,июнь,15.87
415,55.3,2,10.5,13,15,центр,среднее,0.8,8.4,0.14,37,1,2.95,173,май,12.99
416,65.8,2,14.6,8,14,спальный,среднее,10.5,8.5,0.1417,15,1,2.45,110,июнь,9.71
417,95.1,4,17.2,13,18,спальный,среднее,1O.8,13.2,0.22,20,1,2.78,41,апрель,14.57
418,61.4,2,16.8,18,19,центр,хорошее,2.1,,,15,0,2.52,32,февраль,13.12
419,34.8,2,13.7,8,22,новостройки,хорошее,11.2,15.4,0.2567,42,1,2.64,108,февраль,7.06
420,55.5,2,12.1,5,6,спальный,среднее,10.7,9.8,0.1633,33,1,2.75,14,январь,7.18
421,48.4,2,12.4,12,19,Bспальный,среднее,9.1,,,36,1,2.76,239,январь,7.39
422,38.6,1,6.8,4,15,новостройки,евроремонт,13.5,2.1,0.035,53,0,2.59,61,апрель,6.89
423,108.7,5,19.3,1,9,новостройки,среднее,14.8,16.0,0.2667,11,1,2.45,26,январь,16.4
424,64.9,2,15.7,10,20,спальный,хорошее,1.7,12.8,0.2133,43,1,2.58,91,январь,11.37
425,88.5,3,16.0,20,24,новостройки,среднее,15.6,17.9,0.2983,10,1,2.45,11,март,14.46
426,63.0,2,14.0,10,19,спальный,хорошее,14.1,9.1,0.1517,25,1,2.47,49,апрель,9.88
427,29.7,1,11.3,1,10,новостройки,евроремонт,8.6,8.4,0.14,46,0,2.8,39,январь,7.07
428,108.9,4,19.5,5,5,спальный,евроремонт,9.6,13.0,0.2167,30,0,2.88,50,март,15.64
429,87.0,4,16.8,8,17,спальный,среднее,12.6,,,33,1,2.92,25,апрель,13.28
430,89.9,3,15.4,12,14,Jновостройки,евроремонт,10.7,14.5,0.2417,6,1,2.62,22,январь,15.59
431,39.6,1,14.2,7,9,центр,требует ремонта,0.0,6.0,0.1,31,0,2.8,207,июнь,9.4
432,68.1,3,11.5,9,11,Sпригород,требует ремонта,22.8,,,27,1,2.59,68,март,7.09
433,48.4,2,11.0,4,13,пригород,требует ремонта,18.3,7.3,0.1217,12,0,2.88,61,февраль,5.51
434,61.2,2,16.0,8,22,центр,среднее,0.0,11.6,0.1933,11,1,2.63,34,май,13.38
435,84.1,4,14.5,8,23,пригород,среднее,23.3,16.8,0.28,22,0,2.51,64,июнь,9.05
436,98.8,5,16.7,12,19,пригород,хорошее,19.8,,,23,1,2.51,31,май,14.77
437,53.1,2,12.6,4,24,центр,хорошее,1.8,11.3,0.1883,3,1,2.57,12,апрель,12.29
438,111.2,5,22.7,14,19,пригород,среднее,23.8,18.7,0.3117,37,0,2.66,16,апрель,12.9
439,74.5,3,11.3,13,15,пригород,среднее,21.2,,,30,1,2.65,36,июнь,8.05
440,29.5,1,7.7,6,16,спальный,среднее,5.7,3.9,0.065,39,1,2.64,43,март,5.64
441,64.7,3,10.2,2,6,спальный,требует ремонта,13.2,10.6,0.1767,13,1,2.49,131,май,9.76
442,47.4,2,14.1,9,9,новостройки,среднее,12.4,,,0,0,2.68,16,февраль,7.51
443,84.1,4,18.4,14,25,спальный,хорошее,6.2,7.4,0.1233,25,0,2.64,56,апрель,13.65
444,57.8,2,12.5,2,20,центр,среднее,7.1,2.6,0.0433,29,0,2.5,28,май,11.13
445,30.7,1,11.3,5,8,пригород,среднее,22.9,,,0,1,2.52,64,май,4.62
446,84.6,3,18.3,18,25,спальный,евроремонт,8.4,10.5,0.175,37,1,2.82,46,апрель,14.49
447,78.7,3,16.0,5,9,новостройки,хорошее,15.7,15.3,0.255,25,1,2.82,32,январь,11.5
448,59.9,2,13.3,3,18,Tновостройки,евроремонт,15.0,16.4,14.2764,17,1,2.74,118,январь,12.35
449,71.7,3,14.8,1,14,спальный,хорошее,7.1,18.2,0.3033,26,1,2.97,84,июнь,10.93
450,82.2,3,18.2,15,15,пригород,среднее,19.7,,,36,0,2.45,73,январь,10.27
451,51.8,2,13.4,5,14,Fспальный,хорошее,8.5,4.9,-2.9483,28,1,2.62,64,март,9.37
452,70.2,3,16.3,4,21,центр,среднее,3.4,,,34,1,2.97,30,июнь,13.74
453,46.0,2,10.1,17,18,новостройки,среднее,15.8,6.9,0.115,42,0,2.6,44,январь,6.04
454,56.6,3,14.6,2,10,новостройки,евроремонт,16.9,14.1,0.235,7,0,2.75,57,февраль,10.43
455,36.4,2,11.7,8,11,новостройки,среднее,10.7,12.9,0.215,25,0,2.6,37,февраль,6.15
456,109.1,4,15.2,9,24,Bпригород,хорошее,27.8,,,41,1,2.6,47,апрель,13.09
457,66.2,2,12.4,5,9,новостройки,хорошее,13.7,11.3,0.1883,60,1,2.5,45,апрель,11.0
458,43.9,1,10.3,4,24,новостройки,хорошее,13.9,12.5,0.2083,49,1,2.59,136,июнь,8.53
459,78.8,3,16.0,4,9,Aновостройки,хорошее,12.3,10.2,0.17,0,1,2.86,12,июнь,13.41
460,71.2,2,11.4,6,6,Sновостройки,среднее,11.6,9.3,0.155,29,0,2.69,20,март,11.51
461,102.5,4,19.8,1,11,спальный,среднее,14.7,14.0,18.3706,42,0,2.88,30,март,13.19
462,48.0,2,11.6,9,21,спальный,требует ремонта,7.4,,,0,0,2.54,99,июнь,6.91
463,52.8,1,14.5,3,5,спальный,среднее,6.0,7.3,0.1217,58,0,2.45,45,апрель,8.04
464,68.1,3,19.2,5,17,Tновостройки,требует ремонта,4.3,,,9,1,2.45,13,март,10.72
465,66.4,2,14.9,3,17,спальный,среднее,6.7,16.4,0.2733,9,0,2.62,279,март,9.11
466,98.5,4,16.9,10,18,спальный,требует ремонта,13.7,,,6,0,2.53,10,январь,12.87
467,69.8,2,12.2,3,15,центр,хорошее,6.9,9.6,0.16,29,1,2.45,108,апрель,14.74
468,75.1,3,17.6,1,5,центр,среднее,3.8,13.4,0.2233,0,0,2.93,52,март,14.39
469,52.1,2,10.8,18,18,спальный,требует ремонта,6.5,12.9,0.215,11,0,2.62,35,март,6.42
470,45.9,2,12.7,5,14,спальный,евроремонт,12.3,18.0,0.3,0,0,2.45,65,май,8.23
471,91.1,4,16.0,19,25,спальный,евроремонт,14.5,,,27,0,2.46,95,апрель,14.27
472,50.9,2,10.3,10,12,центр,хорошее,O,12.3,0.205,0,1,2.58,208,март,12.48
473,67.9,2,14.1,6,18,новостройки,хорошее,21.4,13.9,0.2317,46,0,2.97,43,июнь,8.99
474,85.5,3,17.8,2,18,спальный,среднее,4.9,8.3,0.1383,48,0,2.64,63,апрель,13.11
475,55.9,2,13.2,5,13,спальный,евроремонт,9.0,,,41,0,2.53,96,март,9.39
476,37.5,1,9.9,18,21,центр,евроремонт,2.7,10.3,0.1717,33,0,2.91,155,февраль,10.91
477,56.6,2,11.8,12,25,Pпригород,хорошее,23.7,,,2,1,2.59,27,июнь,8.77
478,93.5,3,18.3,3,5,новостройки,хорошее,13.0,9.2,0.1533,38,0,2.79,27,апрель,14.37
479,37.8,1,9.3,17,17,новостройки,среднее,10.5,7.9,0.1317,40,0,2.45,32,июнь,5.93
480,94.2,4,16.2,1,25,спальный,среднее,5.1,,,18,1,2.74,67,январь,12.93
481,30.1,1,7.9,3,5,центр,хорошее,0.0,10.8,0.18,26,1,2.92,19,апрель,10.59
482,104.4,5,17.7,7,9,новостройки,хорошее,12.4,13.5,0.225,42,0,2.8,33,май,17.27
483,76.1,3,11.5,3,17,центр,среднее,2.8,20.4,0.34,40,0,2.72,15,май,14.21
484,114.1,4,16.1,17,21,спальный,среднее,10.6,,,4,1,2.59,112,май,17.84
485,78.6,3,17.8,9,10,Sпригород,хорошее,19.3,,,49,0,2.68,40,июнь,9.73
486,103.0,4,20.4,5,16,Iновостройки,хорошее,13.7,7.9,0.1317,33,1,2.77,87,май,16.04
487,58.3,2,11.7,2,11,спальный,хорошее,15.0,16.6,0.2767,16,0,2.81,19,июнь,10.08
488,52.7,2,10.7,12,21,центр,среднее,O,6.6,0.11,13,0,2.91,45,июнь,12.03
489,29.0,1,12.7,11,11,центр,среднее,0.0,2.0,2.0,2,0,2.88,127,март,8.9
490,75.4,3,16.7,16,18,спальный,среднее,9.1,9.4,0.1567,15,1,2.82,31,январь,12.13
491,71.7,3,16.2,3,17,пригород,среднее,24.5,9.6,0.16,29,0,2.7,47,февраль,7.4
492,82.4,3,15.0,10,15,Zспальный,среднее,6.5,8.3,0.1383,22,0,2.76,46,март,14.44
493,88.9,4,19.5,10,11,новостройки,среднее,15.3,15.0,0.25,39,1,2.86,74,апрель,14.48
494,99.8,4,16.5,9,18,Iновостройки,хорошее,16.5,,,14,0,2.56,29,февраль,14.29
495,80.7,3,17.5,7,25,спальный,евроремонт,12.9,7.2,0.12,34,0,2.54,65,июнь,14.9
496,67.2,2,14.5,11,19,центр,евроремонт,9.6,14.1,0.235,29,0,2.51,50,февраль,13.7
497,83.1,3,13.0,2,6,центр,среднее,O,11.1,-1.0797,36,1,2.62,207,март,15.96
498,75.5,3,15.2,11,14,новостройки,среднее,15.2,14.7,0.245,0,1,2.58,140,март,10.97
499,70.8,3,16.0,4,7,спальный,среднее,11.6,,,44,0,2.7,42,май,11.04
500,65.0,2,12.8,16,18,новостройки,среднее,12.2,4.7,0.0783,12,0,2.71,241,февраль,11.07
501,60.0,2,13.4,15,23,центр,требует ремонта,O,11.8,0.1967,18,1,2.57,55,февраль,11.33
502,50.3,2,12.6,18,24,новостройки,среднее,14.O,10.6,0.1767,26,0,2.75,40,февраль,8.29
503,60.6,3,12.7,10,20,спальный,среднее,6.8,10.4,0.1733,18,1,2.85,48,январь,10.72
504,87.9,4,11.7,11,19,спальный,хорошее,6.3,12.1,0.2017,24,0,2.87,70,май,14.51
505,57.4,2,16.5,6,7,центр,среднее,1.0,10.5,0.175,0,0,2.63,35,январь,12.94
506,72.4,3,14.1,4,10,новостройки,требует ремонта,11.6,8.3,0.1383,33,0,2.69,23,май,9.75
507,108.0,5,21.8,3,5,центр,требует ремонта,2.O,7.6,0.1267,8,0,2.45,70,март,18.35
508,31.7,1,12.4,11,15,пригород,среднее,24.0,,,38,0,2.55,44,май,2.0
509,34.3,1,7.8,15,19,центр,среднее,3.2,,,28,1,2.58,49,июнь,7.51
510,58.6,2,11.2,5,14,спальный,требует ремонта,13.2,,,17,1,2.69,35,февраль,7.57
511,62.6,2,10.9,7,22,новостройки,хорошее,15.3,9.8,0.1633,40,1,2.66,67,май,11.1
512,87.3,3,18.4,9,24,Eпригород,среднее,21.8,,,32,1,2.81,26,февраль,10.04
513,66.8,2,16.7,9,13,спальный,евроремонт,3.3,18.7,0.3117,27,1,2.65,133,январь,12.41
514,73.3,3,20.5,7,10,центр,хорошее,6.6,9.7,0.1617,20,0,2.65,92,март,14.57
515,44.9,1,8.9,5,9,пригород,евроремонт,23.3,7.9,0.1317,20,1,2.82,40,январь,6.12
516,102.5,5,16.3,12,12,Kновостройки,среднее,14.1,3.4,0.0567,58,0,2.57,26,апрель,12.48
517,62.9,3,13.2,4,5,новостройки,евроремонт,13.7,,,41,0,2.54,48,июнь,9.96
518,61.5,2,14.3,5,10,пригород,хорошее,20.2,,,3,0,2.45,111,май,9.22
519,40.6,1,9.2,9,9,центр,хорошее,0.2,9.6,0.16,28,0,2.45,122,март,9.27
520,37.8,1,10.9,9,11,пригород,среднее,22.1,18.6,0.31,31,0,3.04,45,июнь,3.27
521,39.3,1,9.6,7,7,новостройки,хорошее,11.6,11.8,0.1967,27,1,2.45,32,июнь,7.06
522,54.3,2,13.4,8,11,новостройки,евроремонт,9.0,6.6,0.11,7,1,2.61,51,май,12.61
523,114.1,5,18.7,12,13,Lспальный,хорошее,7.9,,,0,0,2.59,39,март,17.87
524,56.2,1,12.2,13,19,новостройки,требует ремонта,12.3,9.8,0.1633,24,1,2.89,47,февраль,10.21
525,65.8,2,14.0,6,7,пригород,евроремонт,23.7,,,26,0,2.59,20,январь,8.37
526,93.6,4,19.3,3,7,центр,среднее,0.0,,,27,1,2.89,23,апрель,16.36
527,58.0,2,10.9,12,24,спальный,требует ремонта,11.5,11.4,0.19,10,1,2.83,82,апрель,8.42
528,90.5,3,14.1,2,14,новостройки,требует ремонта,12.2,,,47,0,2.64,39,июнь,12.24
529,105.0,5,22.6,25,25,центр,среднее,1.4,,,30,1,2.95,49,май,18.5
530,63.3,3,14.2,3,7,Gспальный,евроремонт,10.1,,,40,1,2.95,95,апрель,11.72
531,83.1,4,16.6,1,8,спальный,среднее,10.3,,,29,1,2.64,86,май,11.9
532,41.8,1,10.5,5,19,новостройки,среднее,12.8,8.0,0.1333,28,0,2.81,55,май,6.01
533,43.6,1,11.8,2,17,Pспальный,среднее,7.2,6.7,0.1117,4,1,2.65,19,июнь,7.24
534,57.9,2,13.0,2,17,пригород,хорошее,26.5,,,22,0,2.55,38,июнь,7.44
535,112.3,5,18.9,1,9,новостройки,среднее,13.2,2.9,0.0483,30,1,2.53,73,апрель,17.9
536,63.7,2,11.2,13,16,новостройки,хорошее,12.5,10.6,0.1767,31,0,2.68,118,март,10.35
537,44.1,1,13.6,11,13,спальный,среднее,10.1,,,64,0,2.54,139,февраль,5.28
538,119.6,5,17.2,18,20,спальный,евроремонт,12.6,9.8,0.1633,2,0,2.54,24,январь,18.12
539,111.1,5,17.6,7,19,спальный,хорошее,8.3,7.9,0.1317,14,1,2.89,48,март,17.68
540,67.0,2,13.4,3,9,Tновостройки,хорошее,14.1,4.3,4.3,10,0,2.81,19,январь,11.31
541,33.2,1,9.4,15,19,Wспальный,требует ремонта,12.7,,,37,1,2.81,31,январь,5.94
542,67.2,2,16.5,1,10,новостройки,среднее,13.2,11.9,0.1983,29,1,2.7,76,март,11.54
543,86.7,3,19.4,4,16,центр,требует ремонта,2.2,8.7,0.145,33,1,2.53,40,июнь,15.5
544,91.3,4,18.7,6,15,новостройки,среднее,1O.O,5.1,0.085,34,1,2.95,78,май,14.91
545,84.6,3,14.0,10,10,пригород,хорошее,21.4,,,46,1,2.63,103,апрель,11.37
546,53.1,2,19.4,3,25,спальный,хорошее,11.3,5.4,0.09,38,0,2.68,72,январь,8.67
547,110.5,5,18.0,3,9,спальный,требует ремонта,1O.5,11.0,0.1833,12,1,3.0,46,апрель,16.14
548,44.2,1,10.5,2,5,новостройки,хорошее,15.7,13.2,0.22,28,1,2.66,102,февраль,8.11
549,58.2,1,12.2,11,15,спальный,хорошее,5.4,,,24,1,2.45,112,февраль,9.8
550,54.3,2,13.1,8,10,Hспальный,требует ремонта,13.5,10.3,0.1717,23,1,2.45,20,апрель,8.31
551,83.4,3,14.5,8,17,спальный,хорошее,12.1,9.8,0.1633,0,1,2.89,78,февраль,14.73
552,57.1,2,12.8,8,8,новостройки,среднее,13.9,13.1,0.2183,32,1,2.74,60,март,9.64
553,37.9,1,7.7,9,11,пригород,хорошее,24.4,,,19,1,2.63,34,май,3.67
554,70.9,2,13.0,1,20,новостройки,среднее,16.5,,,4,1,2.67,44,май,11.16
555,64.3,3,14.3,3,6,спальный,среднее,6.3,6.9,0.115,21,0,2.65,47,май,9.75
556,77.3,3,12.0,6,11,Kцентр,среднее,2.4,8.1,-3.4901,27,1,2.62,73,январь,15.11
557,57.0,2,12.5,6,22,Oспальный,требует ремонта,6.9,,,33,1,2.98,54,май,8.33
558,55.4,2,12.9,1,5,пригород,среднее,23.8,18.4,0.3067,17,0,2.56,19,март,4.37
559,64.1,3,9.9,18,19,спальный,среднее,13.6,19.0,0.3167,18,1,2.6,30,апрель,9.21
560,40.5,1,11.6,8,15,пригород,требует ремонта,22.0,,,24,0,2.52,6,март,2.72
561,88.6,4,18.6,7,13,Sцентр,среднее,O,9.3,0.155,38,0,2.45,58,апрель,15.81
562,81.3,3,18.6,9,11,новостройки,среднее,9.6,9.2,0.1533,49,1,2.45,26,апрель,11.64
563,69.2,3,17.7,8,14,Pцентр,требует ремонта,O,7.2,0.12,52,0,2.71,52,апрель,12.8
564,107.2,5,19.2,11,14,спальный,хорошее,9.6,,,0,1,2.81,24,январь,16.88
565,37.6,1,8.2,2,11,пригород,хорошее,20.7,18.6,0.31,35,1,2.45,247,январь,4.94
566,78.9,4,18.9,3,11,новостройки,хорошее,10.0,13.0,0.2167,35,0,2.77,303,февраль,12.11
567,76.4,3,15.4,4,22,спальный,среднее,7.1,10.1,0.1683,38,0,2.61,61,январь,12.34
568,59.2,2,12.4,7,7,новостройки,хорошее,13.0,18.1,0.3017,41,1,2.63,54,июнь,9.61
569,59.6,3,12.7,3,7,спальный,хорошее,11.1,17.8,0.2967,32,0,2.67,25,январь,8.75
570,38.2,1,8.9,3,5,новостройки,хорошее,11.3,14.6,0.2433,24,1,2.47,47,февраль,7.54
571,80.6,3,18.5,5,18,спальный,среднее,4.5,8.9,0.1483,17,1,2.92,104,март,12.74
572,28.0,1,7.6,9,12,центр,среднее,1.8,12.5,0.2083,22,0,2.92,16,май,9.5
573,40.5,1,10.9,4,12,центр,среднее,0.0,8.2,0.1367,57,0,2.83,14,май,11.01
574,101.0,4,16.1,19,20,центр,хорошее,0.0,2.0,0.0333,34,1,2.88,170,апрель,18.95
575,53.9,2,9.4,22,22,спальный,среднее,10.0,11.3,0.1883,0,0,2.53,91,февраль,7.73
576,34.6,1,5.6,4,11,пригород,среднее,23.5,,,27,1,2.5,45,февраль,2.32
577,56.5,2,11.2,6,17,спальный,хорошее,4.8,11.6,0.1933,45,1,2.7,109,март,9.9
578,49.7,2,11.5,8,25,новостройки,среднее,8.5,15.0,0.25,0,0,2.76,134,март,9.05
579,61.2,3,14.7,6,7,спальный,евроремонт,18.9,9.0,0.15,37,1,2.69,53,апрель,11.22
580,67.2,2,10.6,11,15,Oцентр,среднее,4.5,7.1,0.1183,39,1,2.54,217,февраль,14.15
581,68.4,2,11.1,8,19,новостройки,требует ремонта,12.8,8.2,0.1367,1,0,2.66,49,январь,9.29
582,82.3,3,15.7,4,19,Pцентр,среднее,3.7,,,50,1,2.5,118,январь,14.23
583,56.1,2,13.7,8,10,спальный,среднее,10.8,,,28,1,2.72,59,март,9.18
584,51.8,2,10.3,9,10,центр,требует ремонта,5.6,5.0,0.0833,35,0,2.53,14,май,8.87
585,53.3,2,11.7,7,10,пригород,среднее,23.0,17.0,0.2833,37,0,2.94,41,март,5.86
586,92.3,4,14.8,5,13,спальный,хорошее,2.0,,,37,1,2.55,61,январь,14.91
587,45.9,1,10.7,5,22,новостройки,среднее,5.3,3.6,0.06,20,1,2.89,37,февраль,9.87
588,34.4,1,11.5,9,9,новостройки,требует ремонта,11.4,10.7,0.1783,45,1,2.77,36,январь,4.73
589,50.7,2,13.8,6,16,Yспальный,хорошее,5.9,14.5,0.2417,26,0,2.45,46,февраль,8.2
590,49.2,2,12.1,11,13,пригород,евроремонт,20.4,6.2,0.1033,22,0,2.45,41,май,6.87
591,62.6,3,12.6,4,22,спальный,требует ремонта,13.9,19.6,0.3267,1,1,2.88,43,февраль,7.89
592,72.8,3,14.6,9,22,спальный,евроремонт,9.2,9.1,9.1,22,1,2.52,33,февраль,13.17
593,46.9,1,10.5,11,15,спальный,хорошее,5.0,9.8,0.1633,27,1,3.06,57,февраль,8.7
594,92.9,3,12.3,7,19,новостройки,евроремонт,16.1,15.1,0.2517,18,1,2.56,51,апрель,15.55
595,98.2,4,18.7,7,7,спальный,среднее,5.6,,,41,1,2.64,13,май,15.53
596,46.8,1,13.0,7,8,спальный,среднее,4.7,,,24,1,2.59,58,март,8.62
597,73.9,3,13.6,12,25,спальный,среднее,10.5,,,32,1,2.45,25,январь,10.47
598,69.0,3,15.4,4,24,Jпригород,требует ремонта,20.9,11.8,0.1967,11,1,2.86,57,июнь,6.46
599,84.0,3,14.2,7,9,центр,требует ремонта,O,12.2,0.2033,20,0,2.83,32,январь,14.5
600,74.5,2,14.0,9,25,спальный,хорошее,8.9,14.3,0.2383,29,1,2.45,27,январь,13.06
601,68.5,3,13.7,11,18,Nспальный,хорошее,9.9,5.8,0.0967,14,1,2.54,24,май,10.8
602,119.1,5,21.4,1,15,спальный,среднее,8.2,13.3,0.2217,23,0,2.66,97,январь,17.89
603,65.7,2,15.5,4,5,Hновостройки,хорошее,18.6,12.3,0.205,41,1,2.85,47,июнь,9.34
604,61.3,2,14.4,13,16,новостройки,среднее,12.8,8.4,0.14,36,1,2.57,45,май,9.89
605,42.0,1,10.5,3,18,спальный,требует ремонта,3.9,9.8,0.1633,9,1,2.97,16,март,6.7
606,91.8,4,18.1,1,5,Mпригород,хорошее,21.6,,,41,1,2.86,50,март,12.77
607,81.0,3,15.1,2,13,Bспальный,среднее,8.7,,,0,0,2.58,116,февраль,12.67
608,49.5,2,9.9,18,20,центр,требует ремонта,O,5.5,0.0917,15,1,2.72,188,май,10.16
609,69.3,2,15.0,8,11,центр,среднее,5.1,5.1,0.085,42,0,2.45,57,апрель,12.25
610,67.9,2,13.1,5,7,Eпригород,хорошее,24.7,21.4,0.3567,12,1,2.97,61,май,9.9
611,62.7,2,15.2,13,14,спальный,хорошее,16.6,,,14,1,2.45,30,апрель,11.02
612,51.9,2,13.6,1,18,Aцентр,евроремонт,O,11.3,0.1883,25,0,2.78,23,февраль,12.17
613,49.4,2,15.1,10,18,спальный,среднее,14.3,9.2,0.1533,12,0,2.9,36,июнь,9.04
614,92.6,4,15.9,12,17,новостройки,хорошее,7.6,11.8,0.1967,40,1,2.67,18,февраль,14.81
615,83.1,3,17.0,7,14,спальный,среднее,9.8,6.1,0.1017,31,0,2.8,52,март,12.73
616,33.8,1,9.1,16,17,новостройки,хорошее,16.7,11.6,0.1933,23,0,2.45,104,январь,5.04
617,68.4,2,15.7,9,12,спальный,хорошее,12.8,15.7,0.2617,24,0,2.78,52,июнь,9.93
618,94.3,4,15.6,10,16,новостройки,среднее,12.1,9.1,0.1517,40,1,2.83,36,февраль,13.82
619,115.5,5,21.0,7,12,спальный,требует ремонта,8.2,,,26,1,2.84,99,май,16.91
620,71.4,3,13.5,1,19,центр,среднее,O,11.1,0.185,11,1,2.67,82,май,15.29
621,66.8,3,14.1,15,18,спальный,среднее,14.4,15.4,0.2567,6,1,2.74,109,январь,12.28
622,77.0,3,15.9,4,16,спальный,среднее,16.9,17.9,0.2983,38,1,2.67,142,июнь,11.42
623,50.5,1,12.9,4,14,центр,среднее,6.7,6.1,0.1017,16,1,2.65,35,июнь,12.27
624,83.1,3,15.2,7,13,центр,хорошее,O,,,18,0,2.66,103,январь,16.1
625,100.1,4,16.8,6,16,новостройки,среднее,8.7,,,3,1,3.01,158,май,15.61
626,56.9,2,12.4,14,20,новостройки,хорошее,15.7,20.1,0.335,13,1,2.9,37,февраль,10.02
627,78.8,3,15.2,4,6,Xспальный,среднее,12.8,13.0,13.0,26,1,2.66,103,май,11.87
628,71.9,3,13.0,20,20,центр,среднее,4.1,7.7,0.1283,21,1,2.61,167,январь,13.59
629,42.2,2,9.7,14,17,спальный,требует ремонта,5.7,4.4,0.0733,8,0,2.97,66,июнь,7.33
630,55.8,2,13.0,2,14,центр,среднее,0.0,13.6,0.2267,0,1,2.84,219,май,12.82
631,57.0,1,12.6,15,20,пригород,среднее,18.8,,,13,0,2.58,32,январь,6.64
632,49.9,1,10.2,4,16,центр,хорошее,0.0,7.3,0.1217,0,1,2.83,34,март,13.33
633,80.8,3,12.8,8,10,центр,хорошее,O,,,19,0,2.47,173,май,14.7
634,42.6,1,13.1,4,5,спальный,среднее,6.5,10.9,0.1817,16,0,2.51,16,январь,8.04
635,53.0,2,12.1,3,12,новостройки,среднее,14.4,13.2,0.22,42,0,2.59,23,июнь,7.37
636,59.5,3,13.4,12,13,спальный,среднее,10.9,11.6,0.1933,37,0,2.78,132,июнь,10.77
637,70.1,3,13.9,8,8,новостройки,среднее,18.4,,,43,1,2.74,34,март,9.98
638,67.0,2,16.3,5,13,спальный,хорошее,8.7,17.0,0.2833,3,1,2.83,30,июнь,12.47
639,60.5,2,16.5,11,13,спальный,требует ремонта,14.7,3.7,0.0617,15,1,2.7,106,февраль,8.73
640,57.5,2,14.7,4,16,спальный,требует ремонта,12.1,9.9,0.165,57,0,2.49,69,март,6.72
641,38.9,1,12.7,13,13,спальный,среднее,2.6,5.2,0.0867,32,1,2.78,54,апрель,7.19
642,109.5,5,20.6,1,7,Sспальный,среднее,1O.2,8.1,0.135,12,0,2.53,41,январь,16.01
643,81.4,4,15.2,18,19,спальный,евроремонт,3.7,13.0,0.2167,11,1,2.77,28,январь,14.49
644,39.5,1,10.2,12,13,пригород,хорошее,18.1,,,27,0,2.92,27,май,4.53
645,52.0,2,12.2,2,22,Mспальный,хорошее,9.1,,,29,0,2.75,39,июнь,9.61
646,71.1,3,14.6,7,15,спальный,среднее,10.7,,,38,1,2.56,57,май,11.52
647,92.2,4,19.0,4,6,спальный,хорошее,14.6,10.8,-3.0616,0,0,2.57,37,июнь,15.45
648,46.3,1,8.6,15,20,спальный,требует ремонта,7.0,8.9,0.1483,51,0,2.89,15,июнь,6.12
649,56.9,2,12.7,4,10,спальный,требует ремонта,9.2,11.0,0.1833,57,0,2.58,57,апрель,7.5
650,36.8,1,14.6,15,20,пригород,среднее,19.7,,,25,0,2.68,17,июнь,3.07
651,97.1,4,20.0,6,16,центр,евроремонт,0.0,,,28,1,2.75,38,май,20.33
652,64.9,2,13.2,9,20,Vспальный,среднее,7.2,,,6,1,2.95,60,июнь,11.68
653,61.4,2,14.5,2,8,спальный,среднее,12.4,10.1,0.1683,30,0,2.61,116,июнь,9.53
654,68.9,3,15.4,7,10,пригород,хорошее,23.2,,,7,1,2.76,20,февраль,8.82
655,76.1,3,15.2,16,21,спальный,требует ремонта,11.5,13.2,0.22,12,0,2.69,84,июнь,10.55
656,44.7,1,12.8,8,22,спальный,хорошее,7.4,10.5,0.175,10,0,3.05,31,март,8.52
657,70.8,2,12.2,2,5,Vспальный,хорошее,10.5,,,15,0,2.52,159,июнь,11.36
658,58.2,2,17.2,7,10,спальный,среднее,6.3,9.5,0.1583,16,0,2.81,53,март,8.68
659,53.9,2,9.4,22,22,спальный,требует ремонта,11.0,,,26,1,2.67,75,май,8.34
660,76.2,3,14.1,9,10,новостройки,хорошее,15.1,15.7,0.2617,32,1,2.6,86,январь,11.46
661,62.0,3,14.2,2,11,центр,среднее,4.3,17.0,0.2833,15,0,2.84,22,январь,12.46
662,67.1,3,13.3,12,15,спальный,среднее,8.6,,,3,0,2.84,40,март,10.33
663,48.7,1,11.4,10,16,спальный,среднее,6.5,,,9,1,3.05,13,февраль,8.18
664,89.7,4,18.4,10,20,пригород,среднее,28.0,11.9,0.1983,32,1,2.8,42,апрель,11.12
665,98.8,4,17.2,19,21,Oновостройки,хорошее,7.7,11.6,0.1933,19,1,2.45,140,март,16.82
666,73.9,3,14.4,21,21,центр,среднее,O,11.4,0.19,0,0,2.45,36,февраль,13.6
667,75.0,4,17.2,6,24,спальный,требует ремонта,9.4,,,19,1,2.7,61,январь,9.99
668,87.0,3,19.2,14,21,пригород,требует ремонта,25.6,,,10,1,2.58,43,июнь,10.76
669,84.0,3,15.7,15,25,новостройки,среднее,15.6,,,53,0,2.68,34,июнь,11.39
670,71.1,2,11.9,14,20,спальный,требует ремонта,7.9,15.5,0.2583,33,1,2.65,42,июнь,8.82
671,59.2,2,14.9,16,20,спальный,хорошее,8.6,12.8,0.2133,40,1,2.78,103,февраль,10.7
672,80.1,4,14.0,11,20,новостройки,требует ремонта,7.5,,,37,1,2.78,73,январь,11.06
673,114.7,5,21.7,6,17,Zцентр,среднее,6.2,,,41,1,2.58,24,январь,20.48
674,48.1,1,10.0,11,11,Iновостройки,среднее,10.8,9.4,0.1567,14,0,2.72,69,май,6.4
675,56.4,2,10.7,19,22,спальный,хорошее,10.1,12.4,0.2067,30,1,3.16,91,июнь,11.27
676,83.7,4,15.7,12,14,спальный,требует ремонта,8.2,12.8,0.2133,40,0,2.66,66,апрель,12.7
677,62.8,2,16.4,6,6,спальный,требует ремонта,6.4,,,35,1,2.45,69,январь,8.13
678,46.3,2,10.3,14,18,Lновостройки,хорошее,12.6,10.8,0.18,24,0,3.08,56,январь,8.64
679,65.7,2,14.9,12,22,новостройки,среднее,11.1,13.6,0.2267,51,1,2.45,145,май,11.16
680,70.6,2,17.6,23,24,центр,среднее,O,12.2,0.2033,28,0,2.47,66,май,13.61
681,75.0,3,16.4,4,21,Dспальный,хорошее,7.4,11.3,0.1883,40,1,2.74,68,январь,12.36
682,37.4,1,12.3,1,15,спальный,требует ремонта,14.1,5.3,0.0883,28,0,2.45,120,январь,4.33
683,42.9,1,10.3,6,7,спальный,среднее,9.6,8.3,0.1383,37,1,2.75,70,февраль,6.1
684,56.1,3,12.7,14,18,центр,среднее,1.3,4.6,0.0767,31,0,2.93,21,июнь,12.74
685,35.2,1,9.1,9,21,центр,среднее,0.0,8.4,0.14,4,1,2.74,104,февраль,9.78
686,75.9,3,17.7,11,11,центр,среднее,2.8,7.5,0.125,0,0,2.59,88,февраль,14.89
687,39.5,1,11.8,17,22,центр,среднее,1.1,,,23,1,2.63,332,февраль,10.86
688,58.1,2,14.7,9,11,спальный,евроремонт,11.0,9.0,0.15,31,0,2.45,13,март,10.64
689,64.0,2,13.4,3,11,центр,хорошее,6.4,13.8,0.23,38,0,2.83,36,апрель,11.99
690,90.5,3,14.3,5,21,спальный,хорошее,11.9,14.6,0.2433,51,1,2.55,24,июнь,13.29
691,72.9,3,15.6,3,15,новостройки,среднее,12.0,8.0,-3.3172,53,0,2.45,82,февраль,10.68
692,63.0,2,16.1,2,14,спальный,требует ремонта,12.6,12.8,0.2133,10,0,2.49,182,март,7.92
693,82.3,2,20.0,2,7,новостройки,среднее,16.9,,,22,0,3.01,54,июнь,12.68
694,48.0,1,11.4,5,11,новостройки,требует ремонта,12.5,,,2,1,3.01,23,апрель,7.62
695,84.2,3,16.1,2,12,спальный,евроремонт,3.5,8.2,0.1367,0,0,2.45,109,май,14.68
696,116.2,4,15.7,16,20,спальный,хорошее,11.0,14.8,0.2467,42,1,2.69,58,февраль,17.09
697,48.7,2,13.7,13,19,спальный,среднее,14.0,10.7,0.1783,10,0,2.77,25,апрель,8.04
698,71.5,3,14.2,2,9,спальный,хорошее,9.4,4.0,0.0667,32,1,2.59,79,март,11.72
699,82.9,4,15.6,1,21,Sцентр,хорошее,0.1,3.5,0.0583,28,0,2.45,58,январь,16.92
700,81.1,4,14.4,8,23,пригород,среднее,20.4,,,34,1,2.7,58,июнь,9.69
